Machine,Characteristics,MajorLinkerVersion,MinorLinkerVersion,SizeOfCode,SizeOfInitializedData,AddressOfEntryPoint,ImageBase,MajorOperatingSystemVersion,MinorOperatingSystemVersion,MajorImageVersion,MinorImageVersion,MajorSubsystemVersion,MinorSubsystemVersion,SizeOfHeaders,CheckSum,SizeOfImage,Subsystem,DllCharacteristics,SizeOfStackReserve,SectionMinEntropy,SectionMinRawsize,SectionMinVirtualsize,SectionMaxPointerData,DirectoryEntryImportSize,DirectoryEntryExport,ImageDirectoryEntryExport,ImageDirectoryEntryImport,ImageDirectoryEntrySecurity
34404,39,2,24,8192,8192,5376,4194304,4,0,0,0,5,2,1536,178114,139264,3,0,2097152,0.0,0,104,98304,55,0,0,1,4
34404,39,2,24,7680,7168,5376,4194304,4,0,0,0,5,2,1536,155761,139264,3,0,2097152,0.0,0,104,96768,53,0,0,1,4
34404,39,2,24,7680,7680,5376,4194304,4,0,0,0,5,2,1536,196274,139264,3,0,2097152,0.0,0,104,97280,53,0,0,1,4
332,34,48,0,22528,3072,30606,4194304,4,0,0,0,6,0,512,61460,49152,3,34144,1048576,0.08153941234324169,512,12,25600,1,0,0,1,4
34404,34,14,10,16384,14336,16976,5368709120,6,0,10,0,6,0,1024,75926,61440,3,49504,1048576,1.4715341437385485,512,256,31232,98,0,0,1,4
34404,34,14,10,23552,14336,23856,5368709120,6,0,10,0,6,0,1024,103379,61440,3,49504,1048576,1.1913784049128986,512,80,38400,116,9,0,1,4
34404,34,14,10,20992,14336,22032,5368709120,6,0,10,0,6,0,1024,77313,61440,3,49504,1048576,0.27874732431271465,512,40,35840,115,26,0,1,4
34404,34,14,15,9216,11776,10688,5368709120,10,0,10,0,10,0,1024,69989,40960,3,49504,524288,0.963157730308428,512,76,19968,55,0,0,1,4
34404,39,2,24,7680,7168,5376,4194304,4,0,0,0,5,2,1536,148025,139264,3,0,2097152,0.0,0,104,96768,53,0,0,1,4
332,258,14,15,6144,7680,8112,4194304,10,0,10,0,10,0,1024,15645,28672,3,49472,262144,0.1833387916558982,512,548,12800,63,0,0,1,4
34404,34,14,15,125952,73728,115184,5368709120,10,0,10,0,10,0,1024,222225,217088,2,49504,524288,0.41130531941489346,512,64,196096,125,0,0,1,4
34404,39,2,24,7680,7680,5376,4194304,4,0,0,0,5,2,1536,196274,139264,3,0,2097152,0.0,0,104,97280,53,0,0,1,4
34404,34,14,15,39936,79360,41136,4320133120,10,0,10,0,10,0,1024,108819,143360,3,49504,1048576,0.22402928770630665,512,56,92672,111,23,0,1,4
332,258,14,15,65536,13824,60592,4194304,10,0,10,0,10,0,1024,118193,90112,3,49472,262144,0.909806461724071,512,1236,75264,184,0,0,1,4
